,Criteria 1,Criteria 2,Criteria 3,Criteria 4,Criteria 5,Criteria 6,Criteria 7,Criteria 8,Criteria 9,Criteria 10,Criteria 11,Criteria 12,Criteria 13
Canada,0.018758085381630017,0.7867383512544803,0.5666199158485273,0.597560975609756,0.1476868327402133,1.0,0.6666666666666666,0.0,0.5,0.4402277039848202,0.6573426573426574,0.004574565416285457,1.0
France,0.016263167621511736,0.2809139784946237,0.0,0.24390243902439027,0.5658362989323845,0.9201970443349754,0.6666666666666666,0.6666666666666666,1.0,0.514231499051233,1.0,0.0,0.4267515923566879
Germany,0.010256884124930695,0.324820788530466,0.6318373071528751,0.0,0.5658362989323845,0.7458128078817736,0.3333333333333333,0.5833333333333334,1.0,0.3592662871600257,0.009497259497259523,0.11344922232387922,0.5207006369426752
Italy,0.0,0.06227598566308244,0.3127629733520337,0.39024390243902435,0.0,0.46896551724137947,0.0,0.75,1.0,0.0,0.0,0.010978956999085077,0.0
Japan,0.0006468305304010355,0.0,0.5140252454417953,0.4024390243902438,0.08896797153024916,0.7546798029556648,0.3333333333333333,0.6666666666666666,0.75,0.2865275142314991,0.5602910602910603,0.11253430924062215,0.12420382165605097
United Kingdom,0.03381999630382554,0.8884408602150539,0.6213183730715288,0.8170731707317073,1.0,0.7349753694581278,1.0,0.5,0.75,0.4845034788108789,0.2244849744849746,0.09972552607502286,0.8248407643312102
United States,1.0,1.0,1.0,1.0,0.4768683274021354,0.0,1.0,1.0,0.0,1.0,0.8943016443016443,1.0,0.8885350318471338
