,Criteria 1,Criteria 2,Criteria 3,Criteria 4,Criteria 5,Criteria 6,Criteria 7,Criteria 8,Criteria 9,Criteria 10,Criteria 11,Criteria 12,Criteria 13
Canada,0.0017446340177893612,0.03219512322935317,0.021843348080163433,0.02173086971846844,0.025369251152559096,0.04088524023055967,0.022345495620178343,0.0133757879288364,0.04158211028819277,0.017110663886000035,0.03624384448254131,0.007577390634501536,0.03799600583739105
France,0.001581640528238106,0.013734841804294903,-0.0023008725063920444,0.0263989824728061,0.02809650367810868,0.04199468896043415,0.022345495620178343,0.031210171833951597,0.06930351714698794,0.017366732915759818,0.047407638238376744,0.0073420679439890665,0.018730425412798405
Germany,0.0011892487941332322,0.015337240014795975,0.024622323964507073,0.02961837057924587,0.02809650367810868,0.044419039888678395,0.016759121715133756,0.0289808738458122,0.06930351714698794,0.01683051999019446,0.015137008273735503,0.013178070668698322,0.02188783998238442
Italy,0.0005191644482002944,0.005755552756085483,0.011026259154008629,0.02446734960894224,0.024406008771194778,0.048267868198489876,0.011172747810089171,0.033439469822091,0.06930351714698794,0.015587381452557208,0.014827587073387608,0.007906842401218995,0.004388271096712769
Japan,0.0005614220195654346,0.0034827634575176356,0.01960223849601534,0.024306380203620255,0.02498627526599256,0.04429576780758124,0.016759121715133756,0.031210171833951597,0.05544281371759036,0.016578828208806635,0.033081898484956365,0.01313100613059583,0.008562480188707844
United Kingdom,0.002728631751006198,0.03590680071694239,0.024174102047677455,0.018833420422672647,0.030928204172721862,0.04456970576557494,0.02793186952522293,0.0267515758576728,0.05544281371759036,0.017263867579018707,0.02214131902787936,0.012472102597160913,0.03210930070765441
United States,0.06584936977870709,0.039978200251786944,0.04031009105354374,0.016418879342842817,0.027516237183310897,0.054787591598739936,0.02793186952522293,0.0401273637865092,0.01386070342939759,0.019047596290593286,0.043963980401669094,0.058783608090015024,0.034249920754831374
