,Distance to PIS (S+),Distance to NIS (S-),Closeness Coefficient (Score)
Canada,0.09399958892548944,0.06441334504711163,0.406616703774027
France,0.09937074414979317,0.0712811397776141,0.4176991084841233
Germany,0.09414705841372516,0.06839246741862212,0.4207743751459328
Italy,0.1075896940760935,0.06106221183323031,0.3620606094191463
Japan,0.0984412459940945,0.05551453658332241,0.36058753788872355
United Kingdom,0.086444129439619,0.07113585149348775,0.45142695837541164
United States,0.05748664556196242,0.11399523932098599,0.6647654905286225
