Country,TOPSIS Score,Rank
United States,0.6647654905286225,1
United Kingdom,0.45142695837541164,2
Germany,0.4207743751459328,3
France,0.4176991084841233,4
Canada,0.406616703774027,5
Italy,0.3620606094191463,6
Japan,0.36058753788872355,7
